{"cameraMode":{"drawMode":0,"name":"Shaded","section":"Shading Mode"},"sceneLighting":false,"audioPlay":false,"sceneViewState":{"showFog":true,"showMaterialUpdate":false,"showSkybox":false,"showFlares":true,"showImageEffects":true,"showParticleSystems":true},"in2DMode":false,"pivot":{"x":0.2753761112689972,"y":-0.05314278602600098,"z":-0.017517924308776857},"rotation":{"x":-0.2359084188938141,"y":0.5516996383666992,"z":-0.16632232069969178,"w":-0.7825108766555786},"size":0.2660253643989563,"orthographic":false}