{"cameraMode":{"drawMode":0,"name":"Shaded","section":"Shading Mode"},"sceneLighting":true,"audioPlay":false,"sceneViewState":{"showFog":true,"showMaterialUpdate":false,"showSkybox":true,"showFlares":true,"showImageEffects":true,"showParticleSystems":true},"in2DMode":false,"pivot":{"x":0.31803393363952639,"y":-0.5822628736495972,"z":-0.03912575915455818},"rotation":{"x":-0.10613367706537247,"y":-0.5491712093353272,"z":0.07059242576360703,"w":-0.8259703516960144},"size":8.642105102539063,"orthographic":false}