{"cameraMode":{"drawMode":0,"name":"Shaded","section":"Shading Mode"},"sceneLighting":false,"audioPlay":false,"sceneViewState":{"showFog":true,"showMaterialUpdate":false,"showSkybox":false,"showFlares":true,"showImageEffects":true,"showParticleSystems":true},"in2DMode":false,"pivot":{"x":1.399999976158142,"y":0.04999998211860657,"z":1.5},"rotation":{"x":0.4900152087211609,"y":0.16282781958580018,"z":-0.0937214270234108,"w":0.8512595295906067},"size":18.123741149902345,"orthographic":false}